{"model": "LinearRegression", "MAE": 173.46881936995888, "MSE": 4388070.709813395, "RMSE": 2094.7722333975585, "R2": 0.10198053648740946}