{"model": "RandomForest", "MAE": 4.215682967296839, "MSE": 78377.8816588499, "RMSE": 279.9605001760961, "R2": 0.9839599523587607}