{"model": "XGBoost", "MAE": 53.87904739379883, "MSE": 2948159.25, "RMSE": 1717.0204570709109, "R2": 0.39665859937667847}